claim_id,ppt_source_and_slide,category,claim_description,ppt_value,unit,claim_nature,actual_verified_value_100k_corpus,actual_verified_value_54traj_live_twin,verification_method_and_calculation,evaluation_dataset_and_split,evidence_location,status,forensic_notes
PPT-S1-NUM-01,"Team_Drishti (1) S1 / Drishti-DT S1",Identity,Problem Statement ID,SIH26054,ID,Requirement,SIH26054,SIH26054,"String match across README.md, backend/app/main.py, frontend/src/App.tsx",Repository-wide,"README.md#L3; backend/app/main.py#L92",VERIFIED,Exact match across backend and UI
PPT-S1-NUM-02,"Team_Drishti (1) S1 / Drishti-DT S1",Identity,Team ID,187024,ID,Identity,187024,187024,Documented in audit and changelog docs,Repository-wide,"docs/PPT_VS_CODE_FINAL_AUDIT.md#L5",VERIFIED,Exact match
PPT-S1-NUM-03,"Drishti-DT S1 & S2",UI Illustration,Illustrative schematic Health score badge,92,%,Illustrative UI mockup,N/A (dynamic per engine: 98.4 / 52.1 / 46.8 / 42.5 / 88.0 / 38.2),Dynamic [0.0..100.0],"DrishtiTwinPipeline.compute_health_indicator computes dynamic HI in [0, 100] per frame",Seeded 6-engine fleet,"backend/app/ml/pipeline.py#L368-L404",VERIFIED,"92% on PPT S1/S2 is an illustrative schematic callout; live twin computes dynamic HI in [0, 100]"
PPT-S2-NUM-01,"Team_Drishti S5 (Page 2) / S2",Domain Context,MALE UAV mission endurance horizon,30+,hours,Domain context / simulation capability,Up to 100.0 hrs TBO horizon modeled,30+ hr endurance profile supported,"long_endurance profile simulates low-RPM cruise; RUL tracks 100.0 hr TBO horizon",Simulation & 100k corpus,"backend/app/simulation/mission_profiles.py#L45-L53; backend/app/ml/ppt_100k_pipeline.py#L153-L157",VERIFIED,Mission profile 'long_endurance' implemented in both simulators
PPT-S2-NUM-02,"Team_Drishti S5 (Page 2) / Drishti-DT S4",Domain Context,Operating altitude envelope,"10,000-30,000",ft AMSL (~3048-9144 m),Domain context / physics envelope,"1200-6220 m in 100k dataset; [-100, 7000] m supported without extrapolation flag","[-100, 7000] m nominal; [7000, 9500] m extrapolated","AeroPistonReferenceModel.SUPPORTED_ENVELOPE['altitude_m'] = (-100.0, 7000.0) m (-328 to 22,965 ft); 7000-9144 m (22,965-30,000 ft) computed with is_extrapolated=True",Physics reference model,"backend/app/physics/engine_model.py#L16-L30",PARTIALLY VERIFIED,"Nominal physics envelope covers up to 7,000 m (22,965 ft); altitudes between 22,965 ft and 30,000 ft (9,144 m) are accepted and computed but flagged as extrapolated (is_extrapolated=True)"
PPT-S2-NUM-03,"Drishti-DT S4",Simulation Profile,Hot weather ambient temperature,45+,deg C,Simulation profile,41.0-43.5 deg C in 100k; up to 50.0 deg C supported without extrapolation,Up to 50.0 deg C nominal (60.0 deg C clamped),"SUPPORTED_ENVELOPE['ambient_temp_c'] = (-35.0, 50.0) deg C; hot_weather preset uses 41-45+ deg C",Simulation & physics model,"backend/app/physics/engine_model.py#L20; backend/app/simulation/mission_profiles.py#L36-L44",VERIFIED,Supported up to +50 deg C nominal and +60 deg C clamped
PPT-S2-NUM-04,"Team_Drishti S5 (Page 2)",Telemetry,Primary piston engine sensors (Slide 5 list),5,channels (CHT, EGT, Oil Pressure, RPM, Vibration),Architecture claim,15 numeric channels ingested (including all 5),15 numeric channels ingested,"TelemetryInputFrame validates CHT, EGT, Oil Pressure, RPM, Vibration plus 10 additional engine/environment channels",Telemetry contract v1.0.0,"backend/app/telemetry/schema.py#L46-L90",VERIFIED,All 5 channels present and validated
PPT-S2-NUM-05,"Drishti-DT S2",Telemetry,All required monitoring parameters (Drishti-DT Slide 2 list),8,parameter groups (RPM, CHT, EGT, Oil P & T, Fuel flow, Vibration, Batt/Alt, Inj. timing),Problem statement requirement,All 8 parameter groups (9 physical sensor channels) ingested,All 8 parameter groups ingested,"TelemetryInputFrame fields: rpm, cht_c, egt_c, oil_pressure_bar, oil_temp_c, fuel_flow_lph, vibration_rms_mms, battery_voltage_v, alternator_current_a, injection_pulse_ms, ignition_advance_deg",Telemetry contract v1.0.0,"backend/app/telemetry/schema.py#L54-L68",VERIFIED,All 8 SIH26054 parameter groups implemented in schema and physics twin
PPT-S2-NUM-06,"Drishti-DT S2",Fault Coverage,Required problem-statement fault categories mapped to 9 classes,8,fault categories mapped to 9 ML classes,Problem statement requirement,9 classes (8 fault + 1 Normal),9 classes (8 fault + 1 Normal),"NINE_FAULT_CLASSES covers Misfire, Injector Clogging, Overheating, Oil Pressure Drop, Bearing Wear, Piston Ring Wear, Valve Clearance, Sensor Fault, Normal",Both datasets,"backend/app/telemetry/schema.py#L14-L24",VERIFIED,"Combustion instability is represented via EGT/RPM residuals + Misfire/Valve classes rather than a 10th standalone class, matching Drishti-DT Slide 2 table"
PPT-S2-NUM-07,"Team_Drishti S5 (Page 2)",Telemetry Cadence,Telemetry sampling rate,10,Hz (0.1 s interval),System capability,1.0 Hz in 100k training corpus; 10.0 Hz (dt=0.1s) verified in simulator/API/replay,10.0 Hz (dt=0.1s) supported & tested at 11.7-39.5 Hz throughput,"FaultScenarioConfig allows sample_interval_sec >= 0.05s (up to 20 Hz); test_10hz_telemetry_simulation_ingestion_replay_and_latency verifies 100 frames at dt=0.1s with millisecond ISO timestamps",10 Hz simulation benchmark,"backend/app/simulation/fault_simulator.py#L38-L82; tests/test_ppt_alignment.py#L221-L283",PARTIALLY VERIFIED,"Simulator, validator, API, and replay support 10 Hz (0.1s) with millisecond timestamps and >10 Hz throughput; default seeded fleet missions use dt=1.0s (1 Hz) and WebSocket loop sleeps 1.0s by default"
PPT-S2-NUM-08,"Team_Drishti S5 (Page 2) / S3",Digital Twin Core,Four-Value Digital Twin state structure,4,state layers (Actual, Expected, Calculated, Predicted),Core architecture,4 layers (Actual, Expected, Calculated, Predicted),4 layers (Actual, Expected, Calculated, Predicted),"FourValueDigitalTwinState Pydantic model and SQLite persistence",All twin states,"backend/app/telemetry/schema.py#L219-L234",VERIFIED,Exact 4-layer structure with source and unit metadata on every layer
PPT-S2-NUM-09,"Team_Drishti S5 (Page 2)",Health & Prognostics,Composite Health Score range,0-100,index points,Model output,"[0.0, 100.0]","[0.0, 100.0]","DrishtiMLPipeline.compute_health_indicator clips weighted penalty subtraction to [0.0, 100.0]",All twin states,"backend/app/ml/pipeline.py#L368-L404",VERIFIED,Verified in test_health_index_weights_and_monotonic_response
PPT-S3-NUM-01,"Team_Drishti S4 (Page 3)",Dataset Size,Synthetic telemetry row count (Team_Drishti PPT),100000,rows,Dataset specification,100000,3270 (2175 train + 1095 test),"np.load('data/processed/drishti_100k_dataset.npz')['X'].shape == (100000, 17)",drishti_100k_dataset.npz,"data/processed/drishti_100k_dataset.npz; backend/app/ml/ppt_100k_pipeline.py#L363-L550",VERIFIED,"100k dataset has exactly 100,000 rows; fast live-twin startup suite uses 3,270 rows (54 trajectories)"
PPT-S3-NUM-02,"Drishti-DT S3",Dataset Size,Synthetic telemetry row count (Drishti-DT PPT variant),~103000,rows,Approximate dataset claim,100000 in 100k NPZ + 3270 in 54-traj suite = 103270 total synthetic rows across both suites,3270,"100,000 rows (drishti_100k_dataset.npz) + 3,270 rows (54-trajectory live-twin suite) = 103,270 total synthetic rows",Combined synthetic corpora,"data/processed/drishti_100k_manifest.json; backend/artifacts/evaluation_report.json",VERIFIED,"100,000 rows in primary 50-engine corpus + 3,270 rows in 54-trajectory corpus = 103,270 rows (~103k)"
PPT-S3-NUM-03,"Team_Drishti S4 (Page 3) / Drishti-DT S3",Dataset Engines,Simulated engine units / identities,50,engine units,Dataset specification,50 (ENG-UNIT-001..ENG-UNIT-050),54 trajectory engine IDs (ENG-TRN-.. / ENG-TST-..),"len(set(npz['engines'].tolist())) == 50",drishti_100k_dataset.npz,"data/processed/drishti_100k_manifest.json#L15",VERIFIED,Exactly 50 distinct engine units in 100k corpus
PPT-S3-NUM-04,"Team_Drishti S4 (Page 3)",Feature Engineering,Extracted ML feature vector dimension,17,features,Implementation metric,17,17,"len(FEATURE_NAMES) == 17; X.shape[1] == 17",Both datasets,"backend/app/ml/features.py#L10-L28",VERIFIED,Identical 17 features and order in both 100k and live-twin pipelines
PPT-S3-NUM-05,"Team_Drishti S4 (Page 3)",Dataset Split,Training split percentage,70,%,Dataset split specification,70.0% (70,000 rows across 35 engines: ENG-UNIT-001..035),66.51% (2,175 rows across 36 trajectories),"int(np.sum(splits == 'train')) == 70000; 70000 / 100000 == 0.70",drishti_100k_dataset.npz (train),"data/processed/drishti_100k_manifest.json#L18-L70",VERIFIED,"Exact 70.0% (70,000 rows, 35 engines) in 100k corpus"
PPT-S3-NUM-06,"Team_Drishti S4 (Page 3)",Dataset Split,Validation split percentage,15,%,Dataset split specification,15.0% (15,000 rows across 8 engines: ENG-UNIT-036..043),0% (54-traj suite uses 2-way train/test split),"int(np.sum(splits == 'val')) == 15000; 15000 / 100000 == 0.15",drishti_100k_dataset.npz (val),"data/processed/drishti_100k_manifest.json#L71-L96",VERIFIED,"Exact 15.0% (15,000 rows, 8 engines) in 100k corpus"
PPT-S3-NUM-07,"Team_Drishti S4 (Page 3)",Dataset Split,Held-out test split percentage,15,%,Dataset split specification,15.0% (15,000 rows across 7 engines: ENG-UNIT-044..050),33.49% (1,095 rows across 18 trajectories),"int(np.sum(splits == 'test')) == 15000; 15000 / 100000 == 0.15",drishti_100k_dataset.npz (test),"data/processed/drishti_100k_manifest.json#L97-L121",VERIFIED,"Exact 15.0% (15,000 rows, 7 engines) in 100k corpus"
PPT-S3-NUM-08,"Team_Drishti S4 (Page 3)",Leakage Prevention,Shared engines across Train / Validation / Test splits,0,shared engines,Leakage requirement,0 (train & val = 0; train & test = 0; val & test = 0),0 (train & test = 0),"Set intersection of engine IDs across splits verified as empty set",Both datasets,"data/processed/drishti_100k_manifest.json#L123-L128; tests/test_ppt_alignment.py#L69-L76",VERIFIED,Zero engine or mission overlap across any split
PPT-S3-NUM-09,"Team_Drishti S4 (Page 3) / Drishti-DT S3",Model Metric,9-Class Random Forest Test Macro-F1,0.92,F1 score [0..1],PPT reported test metric,0.9853 (Test) / 0.9871 (Val) [Acc: 0.9827 Test],0.8950 (Test) [Acc: 0.8977 Test],"sklearn.metrics.f1_score(y_test, y_pred, average='macro') on held-out test set","100k test (15,000 rows) & 54-traj test (1,095 rows)","backend/artifacts/ppt_100k_evaluation_report.json#L494; backend/artifacts/evaluation_report.json#L41",MISMATCH,"PPT reports 0.92; actual measured held-out test Macro-F1 is 0.9853 on 100k corpus and 0.8950 on 54-trajectory corpus (real-data Phase 4 Macro-F1 is 0.5877 on LiU-ICE and 0.5564 on Marine)"
PPT-S3-NUM-10,"Team_Drishti S4 (Page 3) / Drishti-DT S3",Model Metric,Isolation Forest Anomaly Detection Test Recall,0.94,Recall [0..1],PPT reported test metric,0.9180 (Test) / 0.9262 (Val),0.8781 (Test),"TP / (TP + FN) where binary anomaly = (class != 'Normal') at validation-calibrated threshold","100k test (15,000 rows) & 54-traj test (1,095 rows)","backend/artifacts/ppt_100k_evaluation_report.json#L760; backend/artifacts/evaluation_report.json#L140",MISMATCH,"PPT reports 0.94; actual measured held-out test Recall is 0.9180 on 100k corpus (0.9262 on Val) and 0.8781 on 54-trajectory corpus"
PPT-S3-NUM-11,"Team_Drishti S4 (Page 3) / S2 / S3",Model Metric,Isolation Forest Anomaly False Alarm Rate (FAR),0.03,FAR [0..1],PPT reported test metric,0.0255 (Test) / 0.0301 (Val),0.0507 (Test),"FP / (FP + TN) on held-out Normal samples using 97th-percentile validation normal threshold","100k test (2,789 Normal rows) & Val (2,987 Normal rows)","backend/artifacts/ppt_100k_evaluation_report.json#L761; backend/app/ml/ppt_100k_pipeline.py#L670",VERIFIED,"Validation FAR is 0.0301 (matches 0.03 target) and held-out test FAR is 0.0255 (< 0.03)"
PPT-S3-NUM-12,"Team_Drishti S4 (Page 3) / Drishti-DT S3",Model Metric,XGBoost Regressor RUL Test MAE,18.6,cycles,PPT reported test metric,8.785 cycles (Test) / 8.440 cycles (Val) [7.616 hrs Test],2.800 hours (XGBoost) / 2.805 hours (RF),"sklearn.metrics.mean_absolute_error on non-Sensor-Fault held-out test rows (N=13,449)","100k test (13,449 mechanical rows)","backend/artifacts/ppt_100k_evaluation_report.json#L782; backend/artifacts/evaluation_report.json#L186",MISMATCH,"PPT reports 18.6 cycles; actual measured XGBoost MAE on 100k held-out test set is 8.785 cycles (7.616 hours)"
PPT-S3-NUM-13,"Team_Drishti S4 (Page 3) / Drishti-DT S3",Model Metric,XGBoost Regressor RUL Test RMSE,27.4,cycles,PPT reported test metric,11.758 cycles (Test) / 11.244 cycles (Val) [10.197 hrs Test],3.859 hours (XGBoost) / 4.193 hours (RF),"sqrt(mean_squared_error) on non-Sensor-Fault held-out test rows (N=13,449)","100k test (13,449 mechanical rows)","backend/artifacts/ppt_100k_evaluation_report.json#L783; backend/artifacts/evaluation_report.json#L187",MISMATCH,"PPT reports 27.4 cycles; actual measured XGBoost RMSE on 100k held-out test set is 11.758 cycles (10.197 hours)"
PPT-S3-NUM-14,"Team_Drishti S4 (Page 3) / Drishti-DT S3",Model Metric,Sensor Fault Detection Test F1,0.91,F1 score [0..1],PPT reported test metric,1.0000 (Test & Val),0.9600 (Precision 1.0000, Recall 0.9231 on 54-traj test),"Binary F1 on class == 'Sensor Fault' (N=1,551 test rows in 100k; N=65 in 54-traj)","100k test (15,000 rows) & 54-traj test (1,095 rows)","backend/artifacts/ppt_100k_evaluation_report.json#L774; backend/artifacts/evaluation_report.json#L176",MISMATCH,"PPT reports 0.91; actual measured F1 is 1.0000 on 100k test set and 0.9600 on 54-trajectory test set; PPT table also labels model 'Isolation Forest' whereas code uses dedicated SensorFaultIsolator + RF class"
PPT-S3-NUM-15,"Team_Drishti S4 (Page 3) / Drishti-DT S3",Health Index Formula,Hybrid Health Score weight alpha (thermal),0.3,weight,Formula parameter,0.30,0.30,"HEALTH_INDEX_WEIGHTS['thermal_penalty_weight'] == 0.30",All twin evaluations,"backend/app/ml/pipeline.py#L46; backend/app/ml/ppt_100k_pipeline.py#L48",VERIFIED,Exact match (0.30)
PPT-S3-NUM-16,"Team_Drishti S4 (Page 3) / Drishti-DT S3",Health Index Formula,Hybrid Health Score weight beta (oil/lubrication),0.3,weight,Formula parameter,0.30,0.30,"HEALTH_INDEX_WEIGHTS['oil_penalty_weight'] == 0.30",All twin evaluations,"backend/app/ml/pipeline.py#L47; backend/app/ml/ppt_100k_pipeline.py#L49",VERIFIED,Exact match (0.30)
PPT-S3-NUM-17,"Team_Drishti S4 (Page 3) / Drishti-DT S3",Health Index Formula,Hybrid Health Score weight gamma (vibration/mechanical),0.2,weight,Formula parameter,0.20,0.20,"HEALTH_INDEX_WEIGHTS['vibration_penalty_weight'] == 0.20",All twin evaluations,"backend/app/ml/pipeline.py#L48; backend/app/ml/ppt_100k_pipeline.py#L50",VERIFIED,Exact match (0.20)
PPT-S3-NUM-18,"Team_Drishti S4 (Page 3) / Drishti-DT S3",Health Index Formula,Hybrid Health Score weight delta (anomaly/fault),0.2,weight,Formula parameter,0.20,0.20,"HEALTH_INDEX_WEIGHTS['anomaly_penalty_weight'] == 0.20",All twin evaluations,"backend/app/ml/pipeline.py#L49; backend/app/ml/ppt_100k_pipeline.py#L51",VERIFIED,Exact match (0.20)
PPT-S3-NUM-19,"Team_Drishti S4 (Page 3)",Confusion Matrix,9x9 Normalized Confusion Matrix Diagonal (Normal..Fuel Injector Clogging),"0.94, 0.91, 0.90, 0.90, 0.91, 0.93, 0.91, 0.92, 0.93",row-normalized recall,PPT reported matrix,"0.9588, 0.9869, 0.9853, 0.9955, 0.9725, 1.0000, 0.9825, 0.9905, 0.9914","0.8807, 0.9846, 0.9846, 0.9692, 0.9231, 0.9231, 0.7846, 0.7846, 0.8308","Row-normalized confusion_matrix(y_test, y_pred, labels=NINE_FAULT_CLASSES)","100k test (15,000 rows) & 54-traj test (1,095 rows)","backend/artifacts/ppt_100k_evaluation_report.json#L655-L755",MISMATCH,"9x9 normalized matrix structure and class order match exactly, but cell values in PPT are illustrative rounded values (some PPT rows sum to 1.01 or 1.02) rather than exact empirical test-set ratios"
PPT-S4-NUM-01,"Team_Drishti S3 (Page 4)",Feasibility,Estimated software & optional edge hardware cost,"Rs 0 (software) + Rs 10,000 (optional edge hardware)",INR,Project budget estimate,100% open-source Python/JS packages (Rs 0 software license cost),100% open-source,"Verified requirements.txt and frontend/package.json contain only OSI-approved open-source packages",Repository dependencies,"requirements.txt; frontend/package.json",VERIFIED,Software stack requires zero proprietary licenses
PPT-S4-NUM-02,"Team_Drishti S3 (Page 4)",Fleet Architecture,Multi-UAV independent identity count,4,UAVs,PPT architecture claim,50 engines in 100k dataset; 6 UAVs in seeded live fleet,6 UAVs (ENG-MALE-01..06),"GET /api/fleet returns fleet_size == 6 isolated UAV engine records",Seeded SQLite fleet,"backend/app/service.py#L62-L163",PARTIALLY VERIFIED,"Codebase exceeds the 4-UAV claim by seeding 6 independent UAVs (ENG-MALE-01..06) in the live fleet and 50 engine units in the 100k dataset"
PPT-S4-NUM-03,"Team_Drishti S3 (Page 4) / Drishti-DT S4",Roadmap,Implementation roadmap duration,"6 months total (Phase 1: now, Phase 2: 2 months, Phase 3: 4 months)",months,Project schedule,N/A (planning roadmap),N/A,Project roadmap statement in presentation,N/A,N/A,NOT VERIFIABLE,Future project execution timeline cannot be verified from source code
PPT-S5-NUM-01,"Team_Drishti S2 (Page 5) / Drishti-DT S5",Operational Impact,Projected reduction in unplanned groundings,40,%,Projected operational target,N/A (projected field impact),N/A,"Explicitly labeled 'Projected targets from simulation, not field-proven results' in Drishti-DT S5",N/A,N/A,NOT VERIFIABLE,Projected operational MRO benefit requiring multi-year UAV fleet deployment logs
PPT-S5-NUM-02,"Team_Drishti S2 (Page 5) / Drishti-DT S5",Operational Impact,Projected maintenance cost reduction,25,%,Projected operational target,N/A (projected field impact),N/A,"Explicitly labeled 'Projected targets from simulation, not field-proven results' in Drishti-DT S5",N/A,N/A,NOT VERIFIABLE,Projected operational MRO cost benefit
PPT-S5-NUM-03,"Team_Drishti S2 (Page 5) / Drishti-DT S5",Operational Impact,Projected engine life extension,+15,%,Projected operational target,N/A (projected field impact),N/A,"Explicitly labeled 'Projected targets from simulation, not field-proven results' in Drishti-DT S5",N/A,N/A,NOT VERIFIABLE,Projected operational life extension
PPT-S5-NUM-04,"Team_Drishti S2 (Page 5)",Operational Impact,Fault detection lead time,"18.6 cycles / 18.6 flight hours (18.6 cycles)",cycles / hours,PPT impact table claim,"RUL MAE is 8.785 cycles (7.616 hrs); mean fault detection lead time before failure in simulation is 38-54 cycles",RUL MAE is 2.80 hrs,"PPT Slide 2 reused the 18.6 RUL MAE figure as 'Fault detection lead time' and equated 18.6 cycles to 18.6 flight hours",100k corpus & simulation,"backend/app/ml/ppt_100k_pipeline.py#L328-L353",MISMATCH,"PPT Slide 2 conflates RUL MAE (18.6 cycles) with fault detection lead time, and equates 1 cycle = 1 flight hour, whereas in code cycles = hours * kappa (stress factor 0.85..1.45)"
PPT-S6-NUM-01,"Team_Drishti S1 (Page 6)",Demo Media,Demo video duration,60,seconds,Presentation resource link,N/A (placeholder URL https://youtu.be/Drishti-UAV-Demo),N/A,Inspected Slide 1 QR/URL text,N/A,N/A,NOT VERIFIABLE,External video link in PPT is a placeholder URL
